name,price
Мышка LOGITECH USB M 190 wireless Red,7 490 ₸
Игровая гарнитура RAZER Blackshark V2 X (RZ04-03240800-R3M1) Розовый,28 890 ₸
Мышка игровая BLOODY R90Plus-Stone Black беспроводная,18 290 ₸
"Подставка для наушников RAZER Base Station V2 Chroma, RC21-01510300-R3M1, Белый",42 790 ₸
"Подставка для наушников RAZER Base Station V2 Chroma, RC21-01510200-R3M1, Розовый",42 790 ₸
Рюкзак для ноутбука THULE TEBP4216 BLACK,73 990 ₸
Адаптер питания для ноутбуков APPLE 70W USB-C (MXN53ZM/A),46 990 ₸
Рюкзак для ноутбука THULE AION 28L BLACK,114 990 ₸
Рюкзак для ноутбука THULE TACTBP116 BLACK,105 990 ₸
Рюкзак для ноутбука THULE TCAM6115 BLACK,45 990 ₸
"Компьютерная сумка RIVA 8730 grey 15,6""",14 190 ₸
"Компьютерная сумка RIVA 8221 black 13.3""",14 590 ₸
Стабилизаторы Белой техники РЕСАНТА АСН- 500/1-Ц,16 590 ₸
Мышка игровая LENOVO Legion M600s,29 890 ₸
Мышка игровая BLOODY R72 Ultra Duo Renegade Yellow,25 990 ₸
"Мышка игровая HyperX Pulsefire Haste 2 Mini Wireless, чёрный",53 990 ₸
"Мышка игровая HyperX Pulsefire Haste 2 Mini Wireless, белый",53 990 ₸
"Чехол для ноутбука VLP Plastic Case для MacBook Pro 16'', прозрачный",12 390 ₸
"Чехол для ноутбука VLP Plastic Case для MacBook Pro 16'', черный",12 890 ₸
"Чехол для ноутбука VLP Click Case для MacBook M2 Air 13, прозрачный",10 390 ₸
Мышка игровая BLOODY R72 Ultra Duo Proxy Boom,25 990 ₸
Карта памяти KINGSTON 512GB Class 10 UHS-I SDCS2/512GB,36 990 ₸
Накопитель TRANSCEND 128GB 3.0 TS128GJF700 черный,8 790 ₸
Накопитель TRANSCEND 64GB 3.0 TS64GJF700 черный,5 690 ₸
"Подставка для наушников RAZER Base Station V2 Chroma, RC21-01510200-R3M1, Розовый",42 790 ₸
"Подставка для наушников RAZER Base Station V2 Chroma, RC21-01510300-R3M1, Белый",42 790 ₸
Игровая гарнитура RAZER Blackshark V2 X (RZ04-03240800-R3M1) Розовый,28 890 ₸
Игровая гарнитура RAZER Barracuda (RZ04-03790100-R3M1) Черный,96 290 ₸
Клавиатура APPLE Magic Keyboard with Touch ID for Mac models with Apple silicon - Russian (MXCK3RS/A),116 990 ₸
Клавиатура APPLE Magic Keyboard with Touch ID and Numeric Keypad for Mac models with Apple silicon - Russian - White Keys (MXK73RS/A),140 990 ₸
Клавиатура APPLE Magic Keyboard - Russian (MXCL3RS/A),77 990 ₸
Игровая гарнитура ACER Predator Galea 365 PHW210 (GP.HDS11.01L),52 990 ₸
Игровая гарнитура ACER Nitro Headset II NHW200 (GP.HDS11.02E),32 990 ₸
Внешний накопитель SSD TRANSCEND 1TB TS1TESD260C,71 890 ₸
Внешний накопитель SSD TRANSCEND 500GB TS500GESD260C,38 390 ₸
Мышка LOGITECH M196 GRAPHITE - BT,5 990 ₸
"Колонки MICROLAB M-105R, Чёрный",18 990 ₸
Мышка игровая RAZER Viper V2 Pro White,73 990 ₸
Мышка игровая RAZER DeathAdder V2 X HyperSpeed Black,29 990 ₸
Мышка игровая RAZER Viper V2 Pro Black,73 990 ₸
Мышка игровая RAZER DeathAdder Essential White,14 990 ₸
Настольный микрофон RAZER Seiren V2 Pro (RZ19-04040100-R3M1),71 690 ₸
Игровая гарнитура RAZER Blackshark V2 Pro (RZ04-04530100-R3M1) Черный,113 390 ₸
Игровая гарнитура RAZER Blackshark V2 Pro (RZ04-04530200-R3M1) Белый,113 390 ₸
Игровая гарнитура RAZER Barracuda Pro (RZ04-03780100-R3M1) Черный,130 590 ₸
Коврик для мышки RAZER Gigantus V2 Large,9 990 ₸
Игровая гарнитура RAZER Barracuda (RZ04-03790300-R3M1) Розовый,96 290 ₸
Коврик для мышки RAZER Goliathus Mobile,3 990 ₸
Игровая гарнитура RAZER Barracuda (RZ04-03790300-R3M1) Розовый,96 290 ₸
Игровая гарнитура RAZER Barracuda (RZ04-03790200-R3M1) Белый,96 290 ₸
Адаптер Digital AV APPLE Magic Trackpad (MK2D3ZM/A),100 990 ₸
Мышка APPLE Magic Mouse - Black Multi-Touch Surface (MMMQ3ZM/A),69 990 ₸
Адаптер питания для ноутбуков APPLE 35W Dual USB-C Port Power Adapter Model A2679 (MNWP3ZM/A),46 990 ₸
Адаптер Digital AV APPLE USB-C VGA MULTIPORT ADAPTER (ZKMJ1L2ZMA),60 990 ₸
Клавиатура APPLE Magic Keyboard (MK2A3RS/A),77 990 ₸
Мышка APPLE Magic Mouse (MK2E3ZM/A),57 990 ₸
Мышка LOGITECH USB M 190 wireless Charcoal,7 490 ₸
Адаптер питания для ноутбуков APPLE 30W USB-C Power Adapter (MY1W2ZM/A),30 990 ₸
Адаптер Digital AV APPLE USB-C TO USB ADAPTER MJ1M2ZM/A,9 990 ₸
Адаптер питания для ноутбуков APPLE 140W USB-C Power Adapter Model A2452 (MLYU3ZM/A),77 990 ₸
Адаптер Digital AV APPLE Magic Trackpad - Black Multi-Touch Surface (MMMP3ZM/A),109 990 ₸
Клавиатура APPLE Magic Keyboard with Touch ID for Mac (MK293RS/A),99 990 ₸
Клавиатура APPLE Magic Keyboard with Touch ID and Numeric Keypad for Mac (MMMR3RS/A),128 990 ₸
Адаптер Digital AV APPLE MD826ZM/A Lightning,40 990 ₸
Кабель для Mac APPLE USB-C to Magsafe 3 Cable (2 m) Model A2363 (MLYV3ZM/A),43 990 ₸
Адаптер Digital AV APPLE USB-C DIGITAL AV MULTIPORT ADAPTER (MUF82ZMA),56 990 ₸
Адаптер питания для ноутбуков APPLE 35W Dual USB-C Power Adapter Model A2676 (MW2K3ZM/A),46 990 ₸
Мышка игровая LOGITECH G703 LIGHTSPEED,65 990 ₸
Мышка CANYON CNE-CMSW1G графит,3 290 ₸
Мышка игровая LOGITECH G PRO беспроводная,76 990 ₸
Игровая гарнитура LOGITECH G733 (Black),95 490 ₸
Мышка игровая LOGITECH G102 Gaming Optical USB LIGHTSYNC white,16 990 ₸
Мышка игровая CANYON Gaming CND SGM01RGB,4 990 ₸
Игровая гарнитура JBL QUANTUM 400 (Black),55 990 ₸
Мышка игровая LOGITECH PRO X SUPERLIGHT Wireless Gaming Mouse - White,84 990 ₸
Мышка игровая LOGITECH G102 Gaming Optical USB LIGHTSYNC white,16 990 ₸
Клавиатура LOGITECH MK 850,79 490 ₸
Мышка игровая LOGITECH G305 Gaming Optical USB Lilac,34 990 ₸
Мышка игровая CANYON Gaming CND-SGM12RGB,8 990 ₸
Мышка игровая CANYON Gaming CND-SGM11W,9 990 ₸
Клавиатура LOGITECH G815 LIGHTSYNC RGB GL Tactile,116 990 ₸
Клавиатура LOGITECH K 120 USB Black,8 990 ₸
Клавиатура LOGITECH MK 330 USB Black,27 490 ₸
Клавиатура LOGITECH MK 235 USB Grey,18 990 ₸
Мышка CANYON CNS-CMSW18PW,8 490 ₸
Клавиатура LOGITECH Bluetooth K380 White,26 490 ₸
Игровая гарнитура LOGITECH G733 (Blue),95 490 ₸
Мышка LOGITECH USB B 100 Optical white,5 490 ₸
Коврик для мышки CANYON CND CMP10,7 990 ₸
Клавиатура LOGITECH K 400 plus Wireless black,21 490 ₸
"Мышка игровая LOGITECH G PRO X SUPERLIGHT 2 LIGHTSPEED, MAGENTA",94 990 ₸
Клавиатура LOGITECH G413 SE black,53 990 ₸
Мышка игровая LOGITECH G102 Gaming Optical USB LIGHTSYNC blue,16 990 ₸
Мышка игровая LOGITECH G305 Gaming Optical USB white,34 990 ₸
Настольный микрофон LORGAR LRG-CMT313,23 290 ₸
Гарнитура для ПК LOGITECH Headset 960 usb,17 490 ₸
Мышка CANYON CNS-CMSW21BL,4 490 ₸
WEB камера LOGITECH C 270,15 490 ₸
Клавиатура LOGITECH G Pro Mechanical Gaming,69 990 ₸
Мышка игровая LOGITECH G PRO HERO,47 990 ₸
Игровая гарнитура LOGITECH Gaming headset G432,50 990 ₸
Гарнитура для ПК LOGITECH Headset 960 usb,17 490 ₸
Мышка LOGITECH MX Master 3S GRAPHITE,74 990 ₸
Мышка LOGITECH M650L Signature Bluetooth Mouse - OFF-WHITE,19 490 ₸
Мышка LOGITECH M650 Signature Bluetooth Mouse - GRAPHITE,19 490 ₸
Мышка LOGITECH USB M 185 wireless Red,11 490 ₸
Мышка LOGITECH USB M 170 wireless Grey,5 490 ₸
Мышка игровая LOGITECH G102 Gaming Optical USB LIGHTSYNC black,16 990 ₸
Мышка игровая LOGITECH G305 Gaming Optical USB black,34 990 ₸
Клавиатура LOGITECH G 613 Mechanical Gaming,94 990 ₸
Мышка LOGITECH USB M 280 wireless black,12 990 ₸
Игровая гарнитура LOGITECH G PRO X,90 490 ₸
Накопитель KINGSTON DTX/64GB,3 290 ₸
Мышка CANYON CNS CMSW18 DG (dark grey),6 990 ₸
Клавиатура LOGITECH MK 240 USB White,17 490 ₸
Мышка игровая CANYON Gaming CND-SGM11B,9 990 ₸
Мышка LOGITECH M650L Signature Bluetooth Mouse - GRAPHITE - LEFT,19 490 ₸
Мышка игровая LOGITECH G903 LIGHTSPEED,95 490 ₸
Клавиатура LOGITECH POP Keys BLAST YELLOW,53 990 ₸
Мышка игровая LOGITECH G305 Gaming Optical USB Blue,34 990 ₸
Мышка игровая LOGITECH G MX518,39 490 ₸
Мышка LOGITECH USB M 171 wireless Red,8 490 ₸
Мышка LOGITECH USB M 220 wireless Charcoal OFL,10 990 ₸
Клавиатура CANYON CND-SKB6-RU Gaming,24 990 ₸
Клавиатура LOGITECH POP Keys BLAST YELLOW,53 990 ₸
Мышка LOGITECH M650L Signature Bluetooth Mouse - GRAPHITE - LEFT,19 490 ₸
Клавиатура LOGITECH MK 220 USB Black,14 990 ₸
Игровая гарнитура LOGITECH PRO X Wireless LIGHTSPEED Gaming Headset,127 490 ₸
Колонки LOGITECH Z 150 (2.0),15 990 ₸
Внешний накопитель HDD 2.5 TRANSCEND M3 1 TB (TS1TSJ25M3),46 290 ₸
Игровая гарнитура CANYON CND-SGHS3A,7 990 ₸
Мышка X Game XM-775OGB Черный,1 890 ₸
Клавиатура CANYON CNS-HKBW2-RU,7 990 ₸
Клавиатура X Game XD-7700GB черный,4 090 ₸
Игровая гарнитура LOGITECH G733 (White),95 490 ₸
Сетевой фильтр DEFENDER DFS 151 (6 розеток 1.8м),3 990 ₸
Клавиатура LOGITECH K 280E,12 990 ₸
Мышка LOGITECH USB M 185 wireless Blue,11 490 ₸
Клавиатура LOGITECH Bluetooth K380 Rose,26 490 ₸
Клавиатура CANYON CNE-CSET1-RU,6 990 ₸
Внутренний накопитель SSD TRANSCEND 250GB (TS250GSSD225S),17 990 ₸
Мышка CANYON CNE-CMSW05B черный,2 990 ₸
Внешний накопитель SSD TRANSCEND 250GB TS250GESD260C,26 190 ₸
Клавиатура LOGITECH MK 240 USB Black,17 490 ₸
Мышка CANYON CNE-CMSW05B черный,2 990 ₸
Внешний накопитель SSD KINGSTON SXS1000/2000G черный,67 590 ₸
Мышка игровая CANYON Gaming CND SGM02RG,5 290 ₸
WEB камера LOGITECH Brio 100 Full HD Webcam - GRAPHITE - USB,24 490 ₸
Мышка игровая CANYON CND SGM20W,14 990 ₸
Мышка игровая LOGITECH PRO X SUPERLIGHT BLACK,84 990 ₸
Клавиатура CANYON CNE-CSET4-RU,9 290 ₸
Коврик для мышки CANYON CND CMP8,4 290 ₸
Мышка CANYON CNS-CMSW09V,6 490 ₸
Мышка CANYON CNE-CMSW11B черный,3 990 ₸
Клавиатура LOGITECH Bluetooth K380 Black,26 490 ₸
Мышка игровая LOGITECH G502 X LIGHTSPEED Wireless Gaming Mouse - WHITE/CORE - EER2,84 990 ₸
Настольный микрофон LORGAR LRG-CMT521,31 490 ₸
Накопитель TRANSCEND SSD 1TB (TS1TESD310S),60 990 ₸
Коврик для мышки CANYON CNE CMP2,2 190 ₸
"Колонки MICROLAB B51(USB), Чёрный",5 790 ₸
Мышка LOGITECH USB M 100 Optical,4 490 ₸
Внешний накопитель SSD TRANSCEND 1TB TS1TESD265C,67 390 ₸
Клавиатура LOGITECH G 213 Prodigy Gaming,42 490 ₸
Мышка LOGITECH USB M 171 wireless Black,8 490 ₸
Клавиатура LOGITECH MK 120 USB Black,12 990 ₸
Клавиатура LOGITECH G413 TKL SE black,47 990 ₸
Клавиатура X Game XK-200UB черный,4 590 ₸
Накопитель KINGSTON DTX/256GB,12 990 ₸
Внешний накопитель SSD TRANSCEND 1TB TS1TESD265C,67 390 ₸
"Колонки MICROLAB B51(USB), Чёрный",5 790 ₸
Коврик для мышки CANYON CNE CMP2,2 190 ₸
Игровая гарнитура A4Tech Bloody G200,9 990 ₸
Игровая гарнитура A4Tech Bloody G220,10 990 ₸
Накопитель KINGSTON DTX/128GB,5 890 ₸
Клавиатура CANYON CNS-HKBW05-RU,7 490 ₸
Клавиатура X Game XK-100UB черный,1 990 ₸
Игровая гарнитура HYPERX 683L9AA Cloud Stinger 2 Core,26 990 ₸
"Клавиатура KINGSTON HyperX Alloy Origins Core PBT HX Red TKL, черный",60 990 ₸
Мышка LOGITECH B170 Wireless Mouse - BLACK,5 490 ₸
"Мышка игровая LOGITECH G PRO X SUPERLIGHT 2 LIGHTSPEED, WHITE",94 990 ₸
"Клавиатура BLOODY B865, NeonLed",31 290 ₸
Клавиатура BLOODY S98-Navy,34 990 ₸
Мышка игровая LOGITECH G309 LIGHTSPEED - WHITE,42 490 ₸
Внешний накопитель HDD 2.5 TRANSCEND H3 2 TB (TS2TSJ25H3P),60 690 ₸
Внешний накопитель HDD 2.5 TRANSCEND H3 2 TB (TS2TSJ25H3B),60 690 ₸
"Рюкзак для ноутбука QAZAQ TOURISTER QT-001, 15.6""",13 990 ₸
Мышка игровая LOGITECH G PRO 2 LIGHTSPEED - BLACK,79 990 ₸
Клавиатура LOGITECH G915 X LIGHTSPEED Wireless Gaming Keyboard - BLACK,111 490 ₸
Игровая гарнитура LOGITECH G435 (Blue),52 990 ₸
Гарнитура для ПК Edifier K800USB,7 490 ₸
Мышка игровая LOGITECH G502 X PLUS LIGHTSPEED RGB Wireless Gaming Mouse - BLACK/PREMIUM - EER2,75 990 ₸
Мышка игровая ZOWIE ZA11-C 9H.N3FBB.A2E,42 990 ₸
Мышка игровая LOGITECH G PRO 2 LIGHTSPEED - BLACK,79 990 ₸
Клавиатура LOGITECH G915 X LIGHTSPEED Wireless Gaming Keyboard - BLACK,111 490 ₸
Внешний накопитель HDD 2.5 TRANSCEND H3 2 TB (TS2TSJ25H3B),60 690 ₸
Мышка игровая ZOWIE ZA11-C 9H.N3FBB.A2E,42 990 ₸
Игровая гарнитура LOGITECH G435 (Blue),52 990 ₸
Гарнитура для ПК Edifier K800USB,7 490 ₸
"Рюкзак для ноутбука QAZAQ TOURISTER QT-001, 15.6""",13 990 ₸
"Мышка LENOVO 150, чёрная",2 890 ₸
"Мышка LENOVO 300 Wireless compact, арктический серый",4 090 ₸
Внутренний накопитель SSD KINGSTON 480Gb (SA400S37A/480G),24 990 ₸
Гарнитура для ПК LENOVO 100 Stereo Headphones (GXD1E71386),8 390 ₸
Внутренний накопитель SSD TRANSCEND 500GB (TS500GSSD225S),27 490 ₸
Стабилизатор SVC WL-1000,13 990 ₸
Внутренний накопитель SSD TRANSCEND 500GB (TS500GMTS825S) M2,27 990 ₸
Внешний накопитель HDD 2.5 TRANSCEND A3 1 TB (TS1TSJ25A3K),44 990 ₸
"UPS SVC UPS, SVC, V-1200-L-LCD, , USB, Мощность 1200ВА/720Вт, Диапазон работы AVR: 165-275В, Бат.: 12В/7 Ач*2шт., 3 вых.: Shuko CEE7 , Чёрный",51 990 ₸
Внешний накопитель HDD 2.5 TRANSCEND H3 4 TB (TS4TSJ25H3P),92 590 ₸
Мышка LENOVO 300 USB,2 290 ₸
Карта памяти TRANSCEND MicroSD 128GB (TS128GUSD300S) U3,9 790 ₸
Внутренний накопитель SSD NETAC 128Gb (N600S-128G),12 990 ₸
"Мышка CANYON MW-21, бордово красный",4 490 ₸
"Рюкзак для ноутбука LENOVO Legion 16”, GB700",29 890 ₸
Карта памяти KINGSTON 128Gb SDCS2/128GB (SD адаптер),7 990 ₸
UPS SVC SVC V-650-L-LCD,27 990 ₸
Мышка X Game XM-770OUB черный,990 ₸
Накопитель KINGSTON DTXON/64GB,3 690 ₸
Мышка игровая ZOWIE ZA13-C 9H.N3HBB.A2E,42 990 ₸
Игровая гарнитура A4Tech Bloody G530,16 390 ₸
"Компьютерная сумка SUMDEX CKN 008 черный 15.6""",20 290 ₸
Игровая гарнитура Edifier G2 II White,19 990 ₸
Карта памяти TRANSCEND MicroSD 32GB (TS32GUSD300S) U1,4 190 ₸
Игровая гарнитура A4Tech Bloody M590i Sports Lime,19 990 ₸
Мышка игровая LOGITECH G PRO X SUPERLIGHT 2 DEX - WHITE,94 990 ₸
Адаптер питания для ноутбуков HP W5D55AA Smart Power (90 Вт),17 990 ₸
Стабилизатор SVC WL-1000,13 990 ₸
"UPS SVC UPS, SVC, V-1200-L-LCD, , USB, Мощность 1200ВА/720Вт, Диапазон работы AVR: 165-275В, Бат.: 12В/7 Ач*2шт., 3 вых.: Shuko CEE7 , Чёрный",51 990 ₸
Внешний накопитель HDD 2.5 TRANSCEND H3 4 TB (TS4TSJ25H3P),92 590 ₸
UPS SVC SVC V-650-L-LCD,27 990 ₸
Коврик для мышки RED SQUARE Hyperion XXL (RSQ-40056),7 490 ₸
Внутренний накопитель SSD NETAC 128Gb (N600S-128G),12 990 ₸
"Мышка CANYON MW-21, бордово красный",4 490 ₸
Клавиатура BLOODY S98-Naraka,39 390 ₸
Стабилизатор SVC FL-1000,15 990 ₸
Коврик для мышки LENOVO Legion Gaming XL Cloth Mouse Pad,4 690 ₸
"Компьютерная сумка RIVA 8930 15.6""(черный)",19 990 ₸
Игровая гарнитура A4Tech Bloody G600i,18 990 ₸
"Клавиатура CANYON Cometstrike GK-50, чёрная",17 990 ₸
Мышка игровая BLOODY W63Max Proxy Boom,12 390 ₸
Стабилизатор SVC FL-1000,15 990 ₸
Коврик для мышки LENOVO Legion Gaming XL Cloth Mouse Pad,4 690 ₸
"Компьютерная сумка RIVA 8930 15.6""(черный)",19 990 ₸
Клавиатура BLOODY S98-Naraka,39 390 ₸
"Клавиатура CANYON Cometstrike GK-50, чёрная",17 990 ₸
Мышка игровая BLOODY W63Max Proxy Boom,12 390 ₸
Внешний накопитель HDD 2.5 TRANSCEND 1TB TS1TSJ25C3S,49 890 ₸
Сетевой фильтр DEFENDER ES 3.0 (5розеток 3м) черный,3 990 ₸
"Адаптер Digital AV CANYON DS-13, космический серый",24 990 ₸
Мышка игровая LOGITECH G102 Gaming Optical USB LIGHTSYNC lilac,16 990 ₸
"Компьютерная сумка CONTINENT CC 100 для 15,6""-16""",6 990 ₸
UPS SVC V600 L,22 990 ₸
Карта памяти KINGSTON 64Gb SDCS2/64GB Class 10 UHS-I (SD адаптер),4 590 ₸
"Компьютерная сумка SUMDEX PNA-401BK MAC 16""",13 990 ₸
Мышка игровая LOGITECH G502 X Corded Gaming Mouse-WHITE - USB - EWR2,52 990 ₸
Коврик для мышки RED SQUARE Nami XXL (RSQ-40044),8 490 ₸
"Компьютерная сумка RIVA 7931 black 15.6""",15 990 ₸
"Компьютерная сумка RIVA 8720 13,3"" (grey)",11 790 ₸
Стабилизатор TEPLOCOM ST-222/500,21 980 ₸
Коврик для мышки BLOODY RGB MP80N,12 690 ₸
Мышка игровая ZOWIE EC1-C 9H.N39BA.A2E,42 990 ₸
Игровая гарнитура LENOVO Lenovo Legion H500 Stereo Gaming Headset,28 480 ₸
Клавиатура TRUST GXT 838 AZOR +мышь,9 690 ₸
Стабилизатор TEPLOCOM ST-888-И,42 980 ₸
"Компьютерная сумка RIVA 7931 black 15.6""",15 990 ₸
Коврик для мышки X Game League Legends 295 x 770 x 4mm,4 590 ₸
Гарнитура для ПК A4Tech HU-30 USB,7 290 ₸
Стабилизаторы Белой техники РЕСАНТА АСН-1 000 Н2/1-Ц,28 690 ₸
"Сетевой фильтр ЭРА USF-5es-3m-W (белый) с заземл, 3x0,75мм2, с выкл, 5гн, 3м",4 990 ₸
WEB камера LOGITECH Webcam C922 Pro Stream Webcam EMEA L960-001088,78 490 ₸
Клавиатура LOGITECH POP Keys HEARTBREAKER ROSE,53 990 ₸
Мышка LOGITECH Pebble M350 Wireless Mouse SAND,10 990 ₸
Настольный микрофон HYPERX 4P5P7AA (HMIQ1S-XX-RG/G) QuadCast S,99 990 ₸
Игровая гарнитура HYPERX 4P5L7AX#ARL (HX-HSCS-BK/EE) Cloud Stinger,32 990 ₸
Мышка игровая STEELSERIES Aerox 3 62599 черный,34 900 ₸
Мышка игровая LOGITECH G PRO X SUPERLIGHT 2 DEX - PINK,94 990 ₸
Колонки MICROLAB M 700 USB&SD (2.1),32 990 ₸
Колонки MICROLAB U210,9 590 ₸
Клавиатура BLOODY B2278,16 390 ₸
Мышка LOGITECH M650L Signature Bluetooth Mouse - GRAPHITE,19 490 ₸
"Компьютерная сумка RIVA 8335 15.6"" Black",16 990 ₸
Коврик для мышки STEELSERIES QCK Prism Cloth - 3XL 1220x590x4 мм,55 900 ₸
Мышка игровая LOGITECH G PRO X SUPERLIGHT 2 DEX - BLACK,94 990 ₸
Колонки SVEN 130 2.0,4 590 ₸
"Коврик для мышки X Game Shadow (Extra Large), 295 x 770 x 4мм",4 590 ₸
Гарнитура для ПК A4Tech HS-50,6 090 ₸
Колонки SVEN MS 2050 черный,42 990 ₸
Клавиатура KINGSTON HyperX Alloy Origins 60 HKBO1S-RB-RU/G,49 990 ₸
Мышка игровая LOGITECH G502 X Corded Gaming Mouse-BLACK - USB - EWR2,35 990 ₸
Игровая гарнитура LENOVO Legion H110 (GXD1P46879),13 290 ₸
Оптический привод TRANSCEND TS8XDVDS-K (Black),22 590 ₸
Игровая гарнитура A4Tech Bloody G500,14 990 ₸
Клавиатура Varmilo VEM87 Panda R2 EC V2 Rose,78 990 ₸
"Клавиатура Varmilo VA87M YAKUMO, CHERRY MX BLUE",80 990 ₸
"Клавиатура Varmilo VA87M LOVEBIRDS-I, CHERRY MX BROWN",91 990 ₸
Клавиатура Varmilo VEM87 Beijing Opera EC V2 Rose,92 990 ₸
Клавиатура Varmilo VEM108 Beijing Opera EC V2 Ivy,101 990 ₸
"Накопитель TRANSCEND 64GB 3.0, белый",5 690 ₸
"Клавиатура BLOODY B950, Blue",34 890 ₸
WEB камера LOGITECH BRIO 500 Full HD Webcam - GRAPHITE - USB-C,82 990 ₸
Клавиатура BLOODY S87 ASH,32 990 ₸
Игровая гарнитура LENOVO Legion H210 (GXD1P46880),20 990 ₸
"Мышка игровая BLOODY W70-Max Punk, yellow",15 790 ₸
Мышка игровая BLOODY W95-Max StoneBlack,14 990 ₸
Мышка игровая BLOODY R80-Skull,16 990 ₸
"Адаптер Digital AV CANYON DS-14 8 in 1 USB C hub, тёмно-серый",27 990 ₸
Мышка игровая BLOODY W63Max Renegade Black Midnight,12 490 ₸
Мышка CANYON MW-5 красный,3 990 ₸
Клавиатура BLOODY AT98 Proxy Boom,37 390 ₸
Коврик для мышки RED SQUARE Hanami XXL (RSQ-40054),7 490 ₸
Коврик для мышки RED SQUARE XXL Arure (RSQ-40018),8 490 ₸
Мышка игровая BLOODY W63Max Renegade Yellow Sunset,12 490 ₸
"Клавиатура BLOODY B950, Blue",34 890 ₸
"Накопитель TRANSCEND 64GB 3.0, белый",5 690 ₸
Клавиатура Varmilo VEM108 Beijing Opera EC V2 Ivy,101 990 ₸
Клавиатура Varmilo VEM87 Beijing Opera EC V2 Rose,92 990 ₸
"Клавиатура Varmilo VA87M LOVEBIRDS-I, CHERRY MX BROWN",91 990 ₸
"Клавиатура Varmilo VA87M YAKUMO, CHERRY MX BLUE",80 990 ₸
Клавиатура Varmilo VEM87 Panda R2 EC V2 Rose,78 990 ₸
Игровая гарнитура A4Tech Bloody G500,14 990 ₸
Оптический привод TRANSCEND TS8XDVDS-K (Black),22 590 ₸
"Рюкзак для ноутбука QAZAQ TOURISTER QT-004, 15.6""",10 990 ₸
Клавиатура BLOODY B810RC WHITE,37 390 ₸
Накопитель KINGSTON DTXON/256GB,13 390 ₸
Внешний накопитель SSD KINGSTON SXS1000R/2000G красный,67 590 ₸
Накопитель KINGSTON DTXON/128GB,5 890 ₸
Мышка LOGITECH MX Master 3S PALE GREY,74 990 ₸
"Рюкзак для ноутбука QAZAQ TOURISTER QT-002, 15.6""",9 790 ₸
Клавиатура LOGITECH MK470-OFFWHITE-RUS,31 990 ₸
"Мышка игровая KINGSTON HyperX Pulsefire Haste 2, черный",40 990 ₸
"Игровая гарнитура ASUS ROG Strix Go 2,4",58 990 ₸
"Игровая гарнитура ASUS TUF GAMING H1 WL 2,4",43 990 ₸
"Мышка LENOVO 300 Wireless compact, облачно серый",4 090 ₸
Адаптер Digital AV CANYON DS-11 9 in 1 USB C (CNS-TDS11),37 990 ₸
"Мышка LENOVO Yoga Pro Mouse, приливно-бирюзовый",14 290 ₸
Мышка игровая BLOODY W90-Max Black,14 790 ₸
Коврик для мышки STEELSERIES QCK Prism Cloth - 3XL 1220x590x4 мм,55 900 ₸
"Компьютерная сумка RIVA 8231 black 15.6""",15 990 ₸
Гарнитура для ПК A4Tech HS-50,6 090 ₸
"Коврик для мышки X Game Shadow (Extra Large), 295 x 770 x 4мм",4 590 ₸
Коврик для мышки X Game League Legends 295 x 770 x 4mm,4 590 ₸
Мышка LOGITECH Pebble M350 Wireless Mouse SAND,10 990 ₸
Клавиатура LOGITECH POP Keys HEARTBREAKER ROSE,53 990 ₸
Стабилизаторы Белой техники РЕСАНТА АСН-1 000 Н2/1-Ц,28 690 ₸
Мышка LOGITECH M650L Signature Bluetooth Mouse - GRAPHITE,19 490 ₸
Настольный микрофон HYPERX 4P5P7AA (HMIQ1S-XX-RG/G) QuadCast S,99 990 ₸
Игровая гарнитура HYPERX 4P5L7AX#ARL (HX-HSCS-BK/EE) Cloud Stinger,32 990 ₸
Колонки MICROLAB M 700 USB&SD (2.1),32 990 ₸
Колонки SVEN 130 2.0,4 590 ₸
Клавиатура KINGSTON HyperX Alloy Origins 60 HKBO1S-RB-RU/G,49 990 ₸
Колонки MICROLAB U210,9 590 ₸
"Компьютерная сумка RIVA 8335 15.6"" Black",16 990 ₸
"Компьютерная сумка RIVA 7931 black 15.6""",15 990 ₸
Подставка для ноутбука DEEPCOOL WIND PAL MINI DP N114L WDMI,6 490 ₸
"Рюкзак для ноутбука PORTCASE KBP-132 BU 15,6",6 990 ₸
Игровая гарнитура A4Tech Bloody MOCI M550,23 580 ₸
Игровая гарнитура A4Tech Bloody G575,16 990 ₸
"Компьютерная сумка LENOVO 15,6"" Toploader T210 grey",5 890 ₸
Клавиатура BLOODY B975OR,40 190 ₸
"Сетевой фильтр ЭРА USF-5es-5m-W (5 х 5м) с заземл. с выкл, (белый)",5 990 ₸
Мышка игровая LOGITECH G403 Gaming HERO,42 490 ₸
"Сетевой фильтр ЭРА USF-5es-5m-W (5 х 5м) с заземл. с выкл, (белый)",5 990 ₸
"Рюкзак для ноутбука PORTCASE KBP-132 BU 15,6",6 990 ₸
Игровая гарнитура A4Tech Bloody MOCI M550,23 580 ₸
Игровая гарнитура A4Tech Bloody G575,16 990 ₸
Подставка для ноутбука DEEPCOOL WIND PAL MINI DP N114L WDMI,6 490 ₸
Игровая гарнитура A4Tech Bloody G200S,11 490 ₸
"Компьютерная сумка LENOVO 15,6"" Toploader T210 grey",5 890 ₸
Клавиатура BLOODY B975OR,40 190 ₸
Настольный микрофон RITMIX RDM-290 USB Eloquence,59 990 ₸
Клавиатура STEELSERIES Apex M750 TKL PUBG Edition 64726,65 990 ₸
Клавиатура LOGITECH MK 295 USB GRAPHITE,24 490 ₸
Мышка LENOVO 400 Wireless Mouse,5 190 ₸
Мышка игровая LOGITECH G502 Gaming Optical USB,52 990 ₸
"Компьютерная сумка RIVA 8251 17"" Dark grey",17 990 ₸
Внутренний накопитель SSD NETAC 512GB (N600S-512G),33 990 ₸
Игровая гарнитура A4Tech Bloody MOCI M660,24 980 ₸
Клавиатура BLOODY B930 RGB-LED,34 590 ₸
Игровая гарнитура A4Tech Bloody G350,14 990 ₸
"Колонки HP Х1000 8PB07AA HP PAV Game Speaker 2.1/8Om/USB/3,5mm",54 990 ₸
"Компьютерная сумка PORTCASE KCB 164 14"" blue",6 990 ₸
Карта памяти TRANSCEND MicroSD 64GB (TS64GUSD300S) U1,4 490 ₸
"Компьютерная сумка CONTINENT CC 201 GA для 16""",8 990 ₸
"Компьютерная сумка PORTCASE KCB 164 14"" gray",6 990 ₸
Клавиатура BLOODY B2418 Golden,21 890 ₸
Клавиатура KINGSTON HyperX Alloy Elite 2 HKBE2X-1X-RU/G,69 990 ₸
Настольный микрофон RITMIX RDM-230 USB Eloquence,29 990 ₸
"Стабилизатор SVC R9000, 9000ВА/7000Вт, LCD-дисплей",79 990 ₸
"Компьютерная сумка LENOVO 15,6"" Toploader T210 black",5 890 ₸
Рюкзак для ноутбука MECHTA backpack (Grey),6 980 ₸
"UPS SVC UPS, SVC, V-3000-F-LCD, Smart, USB, Мощность 3000ВА/1800Вт, AVR: 175-275В, Бат.: 12В/7,5 Ач*4шт., 4 вых.: Shuko CEE7 , Чёрный",119 990 ₸
Клавиатура KINGSTON HyperX Alloy Core RGB (HX-KB5ME2-RU),29 990 ₸
Колонки MICROLAB M 109 (2.1),16 590 ₸
Сетевой фильтр DEFENDER DFS 755 (5 розеток 5м) 2xUSB,6 990 ₸
Игровая гарнитура A4Tech Bloody G430,14 990 ₸
Мышка CANYON CNE-CMSW1O оранжевый,3 290 ₸
"Мышка игровая ASUS P509 ROG KERIS 90MP01R0-B0UA00,16000 dpi",43 990 ₸
Игровая гарнитура RAZER Electra V2 (RZ04-02210100-R3M1) (black),26 990 ₸
Игровая гарнитура A4Tech Bloody G437,13 990 ₸
Стабилизатор SVC FL-600,14 990 ₸
Коврик для мышки RED SQUARE Azure NOIR XXXL 1200x600х3 мм (RSQ-40047),11 890 ₸
Игровая гарнитура SONY INZONE Buds WF-G700N/WZE TWS (White),129 990 ₸
Игровая гарнитура SONY INZONE H5 Wireless WH-G500/BZE (Black),94 990 ₸
Адаптер питания для ноутбуков APPLE 30W USB-C Power Adapter Model A2164 (MW2G3ZM/A),30 990 ₸
"Клавиатура LOGITECH G PRO X 60 LIGHTSPEED Wireless, white",125 490 ₸
WEB камера LOGITECH MX Brio 4K Ultra HD Webcam - GRAPHITE,111 490 ₸
Клавиатура RED SQUARE KEYROX TKL Fireworks (RSQ-20037),32 490 ₸
Колонки MICROLAB B 16 (2.0),5 990 ₸
Коврик для мышки RED SQUARE Mause Mat L (RSQ-40003),4 990 ₸
Клавиатура LOGITECH G 413 Mechanical Gaming SILVER,52 990 ₸
Коврик для мышки KINGSTON HX MPFS M черный,6 990 ₸
Колонки MICROLAB M 223 (2.1),18 290 ₸
"Чехол для ноутбука TUCANO HSNI-MBP1320-TR HARD SHELL для MacBook Pro 13"" 2020, прозрачный",19 990 ₸
"Коврик для мышки X Game League Legends(Small), 260*210*2mm",990 ₸
Коврик для мышки ACER Predator Alien Jungle M Mousepad PMP711,5 990 ₸
Мышка игровая LENOVO Legion M600 Wireless Gaming Mouse black,27 290 ₸
Накопитель TRANSCEND 350 16 GB,3 990 ₸
Мышка игровая HP OMEN by Reactor (2VP02AA#ABB),19 990 ₸
Рюкзак для ноутбука THULE SPAB-113 LEGION BLUE,69 000 ₸
Мышка LENOVO 300 Wireless Compact,3 890 ₸
Коврик для мышки HP OMEN 300 Mouse Pad (1MY15AA#ABB),17 990 ₸
Клавиатура KINGSTON HyperX Alloy Origins HX-KB6RDX-RU,66 990 ₸
Колонки MICROLAB M 590 (2.1),23 990 ₸
Коврик для мышки X Game Virtus Pro (Small,990 ₸
Колонки MICROLAB M 108 11Вт (2.1),19 990 ₸
"Мышка игровая ASUS P506 ROG STRIX IMPACT II, 90MP01E0-B0UA00",25 590 ₸
Колонки MICROLAB M 300 II (2.1),26 990 ₸
Стабилизатор RUCELF SRWII 6000-L,74 980 ₸
Мышка игровая KINGSTON HyperX Pulsefire FPS PRO RGB HX-MC003B черный,27 990 ₸
Коврик для мышки BLOODY B080 Black-Red,5 590 ₸
Мышка игровая LENOVO Legion M100 RGB Gaming,5 890 ₸
Мышка игровая BLOODY AL90,18 990 ₸
Стабилизатор RUCELF Котел 400,24 980 ₸
"Коврик для мышки HP Pavilion Gaming 300, 4PZ84AA",7 990 ₸
Клавиатура LOGITECH G815 LIGHTSYNC RGB GL Linear,116 990 ₸
"Мышка игровая ASUS Cerberus Fortus, 4000 dpi, USB, RGB, черный,",30 490 ₸
Игровая гарнитура MICROLAB G4 Черно-Синий,13 490 ₸
Стабилизатор RUCELF SRW 1100 D,18 980 ₸
Подставка для ноутбука TRUST Notebook Cooling Stand Xstream Breeze 17805,6 990 ₸
Колонки MICROLAB B 56 (2.0),7 990 ₸
Мышка игровая ASUS P705 ROG PUGIO 2,49 990 ₸
Внутренний накопитель SSD KINGSTON 240Gb (SUV500M8/240G) M2,19 990 ₸
Мышка игровая KINGSTON HyperX Pulsefire Raid HX-MC005B черный,33 990 ₸
Мышка игровая DREAM MACHINES DM1 FPSBloodRed,20 890 ₸
Клавиатура CANYON CND-SKB8-RU Gaming,25 990 ₸
Адаптер питания для ноутбуков APPLE 60W MagSafe 2 Power Adapter (ZKMD565ZA),57 990 ₸
Мышка игровая KINGSTON HyperX Pulsefire Surge RGB HX-MC002B черный,30 990 ₸
Мышка игровая BLOODY V8M Black,9 890 ₸
Стабилизатор RUCELF Котел 600,26 980 ₸
Клавиатура DELUX DLD-6091OGB,7 190 ₸
"Микрофон KINGSTON HX-ILMICCA-BK, In-Line Mic Cloud Alpha Edition",8 990 ₸
Мышка XIAOMI Mi Dual Mode Wireless Mouse Silent Edition (black),7 590 ₸
Клавиатура BLOODY B3590R,29 990 ₸
Клавиатура LOGITECH G512 CARBON LIGHTSYNC RGB,68 990 ₸
Коврик для мышки ASUS NC02 ROG SCABBARD 90MP00S0-B0UA00,27 990 ₸
Игровая гарнитура RED SQUARE BOMBER V2 (RSQ-30013),8 990 ₸
Адаптер питания для ноутбуков SVC NUC 08 100W универсальный,16 990 ₸
Мышка игровая RED SQUARE DOUBLE FROST (RSQ-10004),5 590 ₸
Клавиатура TRUST RU GXT830 RW AVONN Gaming KB черный,11 990 ₸
Колонки SVEN MS 304 черный,32 990 ₸
Сетевой фильтр DEFENDER DFS 153 (6 розеток 3м) белый,4 490 ₸
Мышка игровая BLOODY TL90,16 890 ₸
"Коврик для мышки ASUS TUF GAMING P3, 90MP01C0-B0UA00",8 490 ₸
Колонки MICROLAB M 100 MKII (2.1),14 990 ₸
WEB камера DEFENDER G-Lens 2597HD,23 990 ₸
Стабилизатор РЕСАНТА 2000/1 АСН Ц,30 990 ₸
Настольный микрофон KINGSTON HyperX QuadCast S (HMIQ1S-XX-RG/G),84 890 ₸
Клавиатура BLOODY Q100 USB,9 990 ₸
Настольный микрофон RAZER Seiren Emote (RZ19-03060100-R3M1),88 990 ₸
Стабилизатор РЕСАНТА 5000/1 АСН Ц LUX,69 590 ₸
Клавиатура RAZER BlackWidow Ultimate 2016,20 790 ₸
"Клавиатура HP Encoder 6YW75AA, USB, коричневая",59 090 ₸
Мышка игровая LOGITECH G402 Hyperion Fury,43 490 ₸
Мышка игровая DARK PROJECT ME-3 (DP-ME-0003),29 990 ₸
Игровая гарнитура RAZER Kraken Ultimate (RZ04-03180100-R3M1),65 990 ₸
Мышка игровая RAZER DeathAdder Essential,14 990 ₸
Стабилизатор RUCELF SRW.II 12000 L,114 880 ₸
Коврик для мышки X Game Faze Clan (Small),990 ₸
Стабилизатор RUCELF СтАР 500,14 880 ₸
Мышка игровая BLOODY P30 RPO Activated RGB,17 890 ₸
"Колонки SVEN MS-85, черный",17 890 ₸
Внутренний накопитель SSD ADATA 480GB ASU650SS-480GT-R,16 490 ₸
Стабилизатор RUCELF Котел 1200,36 980 ₸
Клавиатура BLOODY + мышь игровая B1500,18 890 ₸
Игровая гарнитура A4Tech Bloody G220S,12 390 ₸
Игровая гарнитура LOGITECH Surround Gaming headset G433 7.1 Royal Blue (L981-000687),83 990 ₸
"Компьютерная сумка CONTINENT CC 211 BK для 15"" черная",8 990 ₸
Колонки TRUST Vigor дерево (2.0),15 990 ₸
Внутренний накопитель SSD KINGSTON 120Gb (SUV500M8/120G) M2,17 990 ₸
Настольный микрофон TRUST GXT 252 Emita PLUS Streaming Microphone,56 990 ₸
Коврик для мышки BLOODY B081 Black-Red,4 490 ₸
Накопитель TRANSCEND 700 32 GB,3 990 ₸
Колонки SVEN MS 2070 черный,49 890 ₸
Внутренний накопитель SSD NETAC 256Gb (N600S-256G),17 980 ₸
Мышка игровая RAZER Diamondback 2015,19 990 ₸
Мышка игровая CANYON Gaming CND SGM4E Black,6 990 ₸
Мышка игровая KINGSTON HyperX Pulsefire Core HX-MC004B черный,19 990 ₸
Компьютерная сумка APPLE Leather Sleeve for 15-inch MacBook Pro – Black (ZKMTEJ2ZMA),122 990 ₸
Клавиатура KINGSTON HyperX Alloy FPS RGB (HXKB1SS2RU),55 990 ₸
Колонки MICROLAB B 16 (2.0),5 990 ₸
"Компьютерная сумка RIVA 7520 13,3""(серый)",15 990 ₸
UPS DigiTOP Vp16 AS (48-537),13 590 ₸
Мышка CANYON CNE-CMSW11PW,3 990 ₸
Клавиатура LENOVO Legion K500 Mechanical,32 490 ₸
"Компьютерная сумка CONTINENT CC 012 для 15"" grey",10 990 ₸
WEB камера DEFENDER C 110,6 890 ₸
Коврик для мышки BLOODY B072 Black-Red,3 990 ₸
Мышка игровая LENOVO Legion M600 Wireless Gaming Mouse White,27 290 ₸
Клавиатура BLOODY B810R-battlefield,34 990 ₸
Клавиатура CANYON CNS-HSETW02,11 990 ₸
Накопитель TRANSCEND 700 16 GB,4 590 ₸
Клавиатура BLOODY + мышь игровая Q1300,18 390 ₸
Клавиатура RAZER BlackWidow X Tournament,17 990 ₸
"Мышка игровая STEELSERIES Sensei Ten, 62527",33 900 ₸
Коврик для мышки BLOODY B088S Black-Red,4 690 ₸
Адаптер Digital AV TRUST Dalyx Aluminium 10 в 1,49 990 ₸
"Коврик для мышки STEELSERIES QcK Edge - L 63823, 450x400x2 мм",13 990 ₸
Колонки MICROLAB B 19 (2.0),8 990 ₸
Колонки SVEN MS 150 черный,28 990 ₸
Колонки MICROLAB M 106 (2.1),18 990 ₸
Мышка CANYON CNE-CMSW1GR зеленый,3 290 ₸
Мышка игровая BLOODY P85 RGB,14 890 ₸
Колонки MICROLAB M 110 (2.1),18 990 ₸
Игровая гарнитура STEELSERIES Arctis Prime (black),56 990 ₸
Стабилизатор SVC R5000VA,46 990 ₸
"Стабилизатор SVC R12000, 12кВА/10кВт, LCD-дисплей",84 990 ₸
Игровая гарнитура KINGSTON HX-HSCF-BK/EM HyperX Cloud Flight,59 890 ₸
Внутренний накопитель SSD KINGSTON 120Gb (SA400M8/120G) M2,15 990 ₸
Игровая гарнитура LOGITECH G533,101 990 ₸
Клавиатура RAZER Cynosa Pro,14 990 ₸
Мышка игровая HyperX Pulsefire Dart 4P5Q4AA,58 990 ₸
Игровая гарнитура A4Tech Bloody G501,18 990 ₸
"Компьютерная сумка RIVA 8940 15""",27 990 ₸
"Компьютерная сумка RIVA 8231 purple 15.6""",15 990 ₸
Рюкзак для ноутбука RIVA 5562 blue,14 990 ₸
Стабилизатор RUCELF SRW 550 D,16 980 ₸
Мышка игровая BLOODY P80 RPO Activated RGB,17 490 ₸
"Компьютерная сумка CONTINENT CC 201 GB для 16""",8 990 ₸
Клавиатура BLOODY B760,28 590 ₸
"Внутренний накопитель SSD SAMSUNG 860 Evo, M.2 1ТБ (MZ-N6E1T0BW)",74 890 ₸
Мышка HP 2B349AA OMEN Vector,38 990 ₸
"Компьютерная сумка PORTCASE KCB 161 15.6"" gray",7 290 ₸
Стабилизатор РЕСАНТА 13500-СПН,182 890 ₸
Настольный микрофон RAZER Seiren X (RZ19-02290100-R3M1),52 990 ₸
Коврик для мышки HP OMEN 100 Mouse Pad (1MY14AA#ABB),9 990 ₸
Мышка игровая KINGSTON HyperX Pulsefire Haste HMSH1-A-BK/G черный,27 890 ₸
Рюкзак для ноутбука SUMDEX PON-261 GY,15 890 ₸
"Компьютерная сумка RIVA 8335 15.6"" Red",16 990 ₸
"Коврик для мышки STEELSERIES QcK Edge - M 63822, 320x270x2 мм",9 990 ₸
UPS SVC 600VA/F,29 990 ₸
Мышка игровая ASUS P507 ROG GLADIUS II CORE/MS 3327 6BUTTONS 6200PI 90MP01D0-B0UA00,23 190 ₸
Мышка игровая STEELSERIES Rival 650 Black 62456,54 900 ₸
Мышка игровая ZOWIE ZA12-B,42 990 ₸
Мышка игровая HP 5JS07AA Europe Pavilion Gaming 200,16 990 ₸
Мышка игровая RED SQUARE 3VO,15 390 ₸
"Компьютерная сумка RIVA 8231 gray 15.6""",15 990 ₸
Стабилизатор РЕСАНТА АСН-1 000/1-Ц,19 490 ₸
"Компьютерная сумка MIRACLE NH 8053 15.6"" Black",11 490 ₸
Настольный микрофон RAZER Seiren Mini (RZ19-03450100-R3M1),26 790 ₸
"Клавиатура ASUS RA04 TUF GAMING K1/RU//KB,MEMBRANE",29 990 ₸
"Коврик для мышки X Game Fortnite, 260*210*2mm",990 ₸
Клавиатура HP 5JS06AA Pavilion Gaming Keyboard 800,37 890 ₸
"Коврик для мышки X Game World War Craft (Small), 260 x 210 x 2mm",990 ₸
Клавиатура CANYON CND-SKB3RU Gaming,16 990 ₸
"Сетевой фильтр ЭРА USF-M-4es-1.5m-W (4 х 1,5м) с заземл. с выкл, (белый)",3 590 ₸
"Коврик для мышки X Game PUBG, 260*210*2mm",990 ₸
Игровая гарнитура LENOVO Lenovo Legion H300 Stereo Gaming Headset,19 980 ₸
Игровая гарнитура LOGITECH G935,119 990 ₸
"Чехол для ноутбука TUCANO HSNI-MBAR13-TR HARD SHELL для Macbook Air 13"" Retina, прозрачная",19 990 ₸
Мышка игровая BLOODY V9M Black,11 390 ₸
"Игровая гарнитура HP 6MF35AA, 100 Гц-20 кГц, 95 Дб, 7,1, 1,8м, оголовье металл, USB Type-A, черная",81 990 ₸
Клавиатура STEELSERIES Apex 7 (Red Switch) 64642 черный,89 890 ₸
Клавиатура RAZER BlackWidow V3,34 790 ₸
"Компьютерная сумка PORTCASE KCB 161 15.6"" black",7 390 ₸
Стабилизатор RUCELF SRWII 12000-L,114 980 ₸
Подставка для ноутбука DEEPCOOL N200 DP-N11N-N200,5 990 ₸
Стабилизатор RUCELF СтАР 12000,96 980 ₸
"Компьютерная сумка CONTINENT CC 012 для 15"" black",10 990 ₸
"Компьютерная сумка RIVA 8920 13,3""(черный)",16 990 ₸
"Компьютерная сумка SUMDEX PON-263 GY 15.6""",15 890 ₸
UPS DigiTOP Vp10 AS (48-513),11 990 ₸
"Коврик для мышки KINGSTON HyperX FURY Ultra RGB, HX-MPFU-M",29 990 ₸
"Компьютерная сумка CONTINENT CC 212 Blue для 15""",9 990 ₸
Клавиатура ASUS RA03 TUF Gaming K7/LIN/RU/KB Optical RGB 90MP0191-B0RA00,54 990 ₸
Карта памяти TRANSCEND MicroSD 16GB (TS16GUSD300S) U1,3 990 ₸
"Компьютерная сумка RIVA 8027 14"" Black",9 990 ₸
Клавиатура STEELSERIES Apex 3 RU 64805,43 900 ₸
"Рюкзак для ноутбука PIXEL ONE - PINKMAN с LED-дисплеем, розовый",69 990 ₸
UPS SVC 500VA,21 990 ₸
Игровая гарнитура JBL QUANTUM ONE (Black),144 990 ₸
"Компьютерная сумка RIVA 8325 13,3""(красный)",15 990 ₸
Внутренний накопитель SSD NETAC 480GB (N535S-480G),32 990 ₸
Мышка XIAOMI Mi Dual Mode Wireless Mouse Silent Edition (White),7 590 ₸
"Компьютерная сумка RIVA 8033 15"" (черная)",10 990 ₸
"Колонки SVEN HT-200, черный",39 990 ₸
Адаптер APPLE 67W USB-C Power Adapter Model A2518,41 990 ₸
Игровая гарнитура A4Tech Bloody G300,13 790 ₸
Игровая гарнитура STEELSERIES Arctis 3 Console (PS5),43 990 ₸
Игровая гарнитура HYPERX HHSC2X-BA-RD/G Cloud II Wireless (Black/Red),93 990 ₸
"Оптический привод VERBATIM Usb-C 3,2 черный",21 490 ₸
Клавиатура RAZER Huntsman Elite (Purple Switch) (RZ03-01870700-R3R1),68 390 ₸
Клавиатура RAZER Huntsman V2 Tenkeyless (RZ03-03940800-R3R1),45 490 ₸
Коврик для мышки RAZER Gigantus V2 Medium (RZ02-03330200-R3M1),5 990 ₸
Колонки MICROLAB B 77BT (2.0),49 990 ₸
"Внутренний накопитель SSD SAMSUNG 980, 250GB (MZ-V8V250BW)",27 990 ₸
Карта памяти TRANSCEND 256GB (TS256GJDL330),34 990 ₸
Игровая гарнитура HYPERX 4P5L1AX#ARL (HX-HSCA-RD/EE) Cloud Alpha Red,60 990 ₸
Игровая гарнитура HYPERX 4P5L9AA (KHX-HSCP-GM) Cloud II Gun Metal,60 990 ₸
Игровая гарнитура HYPERX 4P5M0AA (KHX-HSCP-RD) Cloud II Red,60 990 ₸
Клавиатура KINGSTON HyperX Alloy MKW100 черный,47 990 ₸
Настольный микрофон HYPERX 4P5E2AA DuoCast,60 990 ₸
Настольный микрофон HYPERX 519T2AA SoloCast (белый),46 990 ₸
Настольный микрофон HYPERX 519P0AA Quadcast S (белый),103 990 ₸
Мышка LOGITECH M650 Signature Bluetooth Mouse - ROSE,19 490 ₸
Игровая гарнитура A4Tech Bloody M320,47 190 ₸
Игровая гарнитура A4Tech Bloody MR710 (Black),29 990 ₸
"Компьютерная сумка RIVA 8355 17,3"" Black",17 990 ₸
Мышка HP 220 Красная (7KX10AA),12 990 ₸
Мышка LOGITECH USB M 190 wireless MID GREY,7 490 ₸
Клавиатура LOGITECH POP Keys DAYDREAM MINT,53 990 ₸
Стабилизаторы Белой техники RUCELF SRW 500 D,19 990 ₸
"Коврик для мышки X Game Shadow(Large), 400 x 450 x 4mm",4 590 ₸
Стабилизатор RUCELF SRFII 9000-L,107 990 ₸
Настольный микрофон HYPERX 4P5P6AA Quadcast (MICQC-BK),81 990 ₸
Настольный микрофон HYPERX 4P5P8AA SoloCast (HMIS1X-XX-BK),42 990 ₸
Игровая гарнитура HYPERX 4P5H8AA (HHSC2-CG-SL/G) CloudX,38 990 ₸
"Компьютерная сумка MIRACLE NH-8053 15.6"" Red",10 990 ₸
Игровая гарнитура HYPERX 4P4F0AA (HHSS1C-BA-BK/G ) Cloud Stinger Core Wireless +7.1,46 990 ₸
"Компьютерная сумка RIVA 8231 blue 15.6""",15 990 ₸
Клавиатура STEELSERIES Apex 7 (Red Switch) US черный,89 900 ₸
Коврик для мышки STEELSERIES QCK Prism Cloth - XL 292.4x8.68x356.71 мм,26 900 ₸
Мышка игровая STEELSERIES Aerox 3 (2022) Onyx,34 890 ₸
Мышка игровая STEELSERIES Prime Чёрная,37 900 ₸
Мышка игровая STEELSERIES Prime Mini Чёрная,37 900 ₸
Мышка игровая STEELSERIES Prime Mini Wireless Чёрная,58 900 ₸
Мышка игровая STEELSERIES Prime Wireless,58 900 ₸
Мышка игровая STEELSERIES Prime+ Оптическая True Move Pro+,37 690 ₸
Мышка игровая ZOWIE EC3-C 9H.N3MBB.A2E,39 990 ₸
Игровая гарнитура RAZER Blackshark V2 X (RZ04-03240600-R3M1) Зеленый,26 990 ₸
"Компьютерная сумка RIVA 7532 15.6"" (dark grey)",14 990 ₸
"Мышка HP 6CR71AA Bluetooth/2,4 ГГц",13 490 ₸
Компьютерная сумка HP Prelude 15.6 Top Load,13 990 ₸
Рюкзак для ноутбука THULE TSDP- 115 DG,80 990 ₸
Рюкзак для ноутбука THULE TACBP 2115,54 990 ₸
Рюкзак для ноутбука THULE TCAM-8116 BLACK,69 290 ₸
Рюкзак для ноутбука THULE TCHB 115 BLACK,96 990 ₸
Рюкзак для ноутбука THULE TEBP 4316 MALLARD GREEN,73 990 ₸
Рюкзак для ноутбука THULE TLBP-216 BLACK,54 990 ₸
Стабилизатор TEPLOCOM ST-555,26 980 ₸
Стабилизатор TEPLOCOM ST-222/500-И,34 980 ₸
Стабилизатор TEPLOCOM ST-555-И,36 980 ₸
Стабилизатор TEPLOCOM ST-888,32 980 ₸
Стабилизатор SKAT 1000/600 ИБП,97 980 ₸
"Компьютерная сумка TUCANO BF-E-MB213-SG, AIR/PRO 13"", серый",20 990 ₸
"Компьютерная сумка TUCANO BF-E-MB13,для AIR/PRO 13"", чёрный",20 990 ₸
"Компьютерная сумка TUCANO BF-E-MB13-B, для Pro AIR/PRO 13"", синий",20 990 ₸
"Компьютерная сумка TUCANO BF-E-MB13-R, для Макбук Pro AIR/PRO 13"", красный",20 990 ₸
Клавиатура LOGITECH MK 270 (920-004518),20 490 ₸
Мышка игровая LENOVO Legion M300s RGB Gaming Mouse Black,11 090 ₸
Мышка игровая LENOVO Legion M300s RGB Gaming Mouse White,11 090 ₸
Мышка игровая LENOVO Legion M600s Qi Wireless Gaming Mouse Black,25 990 ₸
Мышка LOGITECH M650L Signature Bluetooth Mouse - ROSE,19 490 ₸
Игровая гарнитура HYPERX CLOUD III 727A8AA (Black),60 990 ₸
Игровая гарнитура HYPERX CLOUD III 727A9AA (Red),60 990 ₸
Мышка игровая LOGITECH G502 X PLUS LIGHTSPEED RGB Wireless Gaming Mouse - WHITE/PREMIUM - EER2,74 990 ₸
Мышка игровая LOGITECH G705 LIGHTSPEED Wireless Gaming Mouse - OFF-WHITE - EER2,72 490 ₸
Клавиатура LOGITECH G715 TKL LIGHTSPEED RGB Wireless Gaming Keyboard - OFF WHITE - RUS - TACTILE,132 990 ₸
Клавиатура LOGITECH G713 TKL Corded Gaming Keyboard - OFF WHITE - USB - RUS - LINEAR,111 490 ₸
Коврик для мышки ASUS NC16-ROG HONE ACE AIM LAB EDITION/508X420X3MM,24 490 ₸
"Мышка игровая ASUS P307 TUF GAMING M4 AIR/MS,3335,16000DPI",28 290 ₸
Клавиатура ASUS RA05 TUF GAMING K3 90MP01Q0-BKRA00,54 990 ₸
Игровая гарнитура ASUS ROG Fusion II 300,92 990 ₸
Клавиатура ASUS XA05 ROG STRIX SCOPE RX/RD/RU//KB 90MP0240-BKRA00,79 990 ₸
Клавиатура LOGITECH MX Keys mini (GRAPHITE),63 990 ₸
"Коврик для мышки KINGSTON Pulsefire Mat (Medium), 360x300x3 мм",8 990 ₸
Клавиатура KINGSTON HyperX Alloy Origins PBT HX Aqua Чёрный,67 990 ₸
"Мышка игровая HYPERX Pulsefire Haste 2, Белая",40 990 ₸
"Коврик для мышки KINGSTON Pulsefire Mat (Large), 450x400x3 мм, черный",10 890 ₸
"Клавиатура KINGSTON HyperX Alloy Origins PBT HX Red, черный",67 990 ₸
"Клавиатура RAZER Ornata V3 X - Russian Layout, RZ03-04470800-R3R1",22 990 ₸
Адаптер Digital AV CANYON DS-15 8 in 1 hub (CNS-TDS15),36 990 ₸
"Сетевой фильтр ЭРА USF-4es-3m-2xUSBAC-W (4 х 3м) с заземл. с выкл, (белый)",6 990 ₸
Игровая гарнитура LOGITECH G PRO X2 LIGHTSPEED Wireless Gaming Headset (White),159 990 ₸
Игровая гарнитура LENOVO Legion H600 Wireless (GXD1C98345) stingray,25 890 ₸
Адаптер питания для ноутбуков APPLE 70W USB-C Power Adapter Model A2743 (MQLN3ZM/A),46 990 ₸
"Компьютерная сумка MIRACLE 01 15.6"" Grey",4 990 ₸
"Компьютерная сумка MIRACLE 02 15.6"" Dark grey",7 990 ₸
Компьютерная сумка MIRACLE 02 Light Grey 15.6,7 990 ₸
Компьютерная сумка MIRACLE 04 Grey 15.6,8 490 ₸
Рюкзак для ноутбука TUCANO TL-BKBTK-BK 15.6 (черный),15 990 ₸
"Рюкзак для ноутбука KINGSLONG KLB190205 15.6"", черного цвета",16 990 ₸
Рюкзак для ноутбука KINGSLONG KLB190715 Light Blue 13.3,7 990 ₸
"Чехол для ноутбука TUCANO BFCAR1112 13.3"" Чехол для ноутбука (черный)",19 590 ₸
"Чехол для ноутбука TUCANO BFINTMB14 14"" Чехол для ноутбука (черный)",24 990 ₸
"Чехол для ноутбука TUCANO BFVELMB1 13.3"" Чехол для ноутбука (зеленый)",19 990 ₸
"Чехол для ноутбука TUCANO BFTO1112-G 13.3"" Чехол для ноутбука (серый)",17 990 ₸
"Чехол для ноутбука TUCANO BFTO1112-O 13.3"" Чехол для ноутбука (оранжевый)",17 990 ₸
Мышка X Game XM-880OUB черный,890 ₸
Клавиатура BLOODY B140N,9 990 ₸
Клавиатура BLOODY B150N,18 890 ₸
Клавиатура BLOODY B318,19 990 ₸
Клавиатура BLOODY B810RC Yellow,37 390 ₸
Мышка игровая BLOODY W95-Max Sports Lime,15 290 ₸
Мышка игровая BLOODY W95-Max Sports Navy,14 990 ₸
Мышка игровая BLOODY W95-Max Sports Red,14 990 ₸
Игровая гарнитура Edifier G35 Black,29 990 ₸
Игровая гарнитура STEELSERIES Arctis Nova 3 (black),49 990 ₸
Игровая гарнитура RAZER Kraken V3 Pro (RZ04-03460100-R3M1) черный,95 990 ₸
Игровая гарнитура A4Tech Bloody M590i Sports Navy,19 990 ₸
"Компьютерная сумка SUMDEX CKN-009BK, для 15.6""",21 990 ₸
"Компьютерная сумка SUMDEX CKN-009GY, для 15.6""",21 990 ₸
Игровая гарнитура SONY INZONE H3,39 990 ₸
Игровая гарнитура SONY INZONE H9 Wireless,179 990 ₸
"Мышка игровая Glorious Model D, Matte black",29 990 ₸
"Мышка игровая Glorious Model D Wireless, Matte black",49 990 ₸
"Мышка игровая Glorious Model D Wireless, Matte white",49 990 ₸
"Мышка игровая Glorious Model I, black",31 990 ₸
"Мышка игровая Glorious Model O, GO-WHITE, Matte white",29 990 ₸
"Клавиатура Glorious GMMK2 Full Size, black",64 990 ₸
"Клавиатура Glorious GMMK2 Full Size, white",64 990 ₸
"Клавиатура Glorious GMMK2 Compact, white",64 990 ₸
"Коврик для мышки Glorious XL, white",10 990 ₸
"Коврик для мышки Glorious XL Heavy, white",12 990 ₸
Клавиатура LOGITECH MK470 black,31 990 ₸
Настольный микрофон A4Tech Bloody GM50 Pro Black,22 990 ₸
Настольный микрофон A4Tech Bloody GM50 Pro White,22 990 ₸
Настольный микрофон HYPERX 699Z0AA ProCast,128 990 ₸
Игровая гарнитура HYPERX 6Y2G8AA Cloud II Core Wireless (Black),67 990 ₸
Игровая гарнитура HYPERX 77Z45AA CLOUD III Wireless (Black),96 990 ₸
Игровая гарнитура HYPERX 77Z46AA CLOUD III Wireless (Red),96 990 ₸
Игровая гарнитура HYPERX 4P5K9AA CLOUD MIX (Black),95 990 ₸
Клавиатура KINGSTON HyperX Alloy Origins 65 4P5D6AX#ACB,53 990 ₸
Коврик для мышки KINGSTON HyperX Pulsefire Mat (Extra Extra Large) 4Z7X6AA,22 990 ₸
"Мышка игровая KINGSTON HyperX Pulsefire Haste 2 Wireless, Черная",58 990 ₸
"Клавиатура KINGSTON HyperX Alloy Origins Core PBT HX Aqua TKL, Чёрный",60 990 ₸
WEB камера LOGITECH Brio 100 Full HD Webcam - OFF-WHITE - USB,24 490 ₸
Мышка LOGITECH M240 Bluetooth Mouse - GRAPHITE - SILENT,12 990 ₸
Мышка LOGITECH MX Anywhere 3S Bluetooth Mouse - GRAPHITE,69 490 ₸
Клавиатура LOGITECH MX Keys Mini Bluetooth Illuminated Keyboard - PALE GREY - RUS,63 990 ₸
Игровая гарнитура LOGITECH ZONE Vibe 100 Bluetooth Headset - GRAPHITE,70 990 ₸
Мышка LOGITECH M221 - OFFWHITE,10 990 ₸
Мышка LOGITECH M221 - ROSE,10 990 ₸
Игровая гарнитура LOGITECH ZONE Vibe 100 Bluetooth Headset - ROSE,70 990 ₸
Настольный микрофон LOGITECH Yeti Orb RGB Gaming Mic with LIGHTSYNC - BLACK,42 490 ₸
Игровая гарнитура LOGITECH G635 LIGHTSYNC Wired Gaming Headset 7.1 - BLACK - USB,95 490 ₸
Игровая гарнитура CORSAIR Gaming Virtuoso RGB Wireless High-Fidelity Gaming Headset Carbon (EU Version),110 190 ₸
Игровая гарнитура CORSAIR Gaming Virtuoso RGB Wireless High-Fidelity Gaming Headset White (EU Version),110 190 ₸
Игровая гарнитура CORSAIR VOID RGB ELITE USB Headset Carbon,39 990 ₸
Игровая гарнитура CORSAIR HS80 RGB USB Headset White,56 990 ₸
Игровая гарнитура CORSAIR HS55 Stereo Headset Carbon,29 990 ₸
Игровая гарнитура CORSAIR HS55 Stereo Headset White,29 990 ₸
Игровая гарнитура CORSAIR HS55 Surround Headset Carbon,34 990 ₸
Игровая гарнитура CORSAIR HS55 Surround Headset White,34 990 ₸
Игровая гарнитура CORSAIR HS65 Surround Headset Carbon,39 990 ₸
Игровая гарнитура CORSAIR HS65 Surround Headset White,39 990 ₸
Оптический привод TRANSCEND TS8XDVDS-W (White),22 490 ₸
Игровая гарнитура STEELSERIES Arctis Nova Pro (black),122 990 ₸
Клавиатура Varmilo VEM87 CMYK EC V2 Rose,75 990 ₸
Клавиатура Varmilo VEM87 Sakura R1 EC V2 Rose,75 990 ₸
Клавиатура Varmilo VEM87 Sakura R1 EC V2 Sakura,75 990 ₸
Клавиатура Varmilo VEM108 Sakura R1 EC V2 Rose,85 990 ₸
Клавиатура Varmilo Lure VBM108 Crane EC V2 Rose,105 990 ₸
Клавиатура Varmilo Lure VBM108 Crane EC V2 Sakura,105 990 ₸
Клавиатура Varmilo VEM87 Beijing Opera EC V2 Sakura,92 990 ₸
Клавиатура Varmilo VEM87 Dreams On Board EC V2 Sakura,78 990 ₸
Клавиатура Varmilo VEM108 Dreams On Board EC V2 Violet,87 990 ₸
Клавиатура Varmilo Varmilo VEM87 Koi EC V2 Rose,89 990 ₸
Клавиатура Varmilo VarmiloVEM108 Koi EC V2 Rose,99 990 ₸
Клавиатура Varmilo VEM108 Koi EC V2 Sakura,99 990 ₸
"Коврик для мышки Glorious G-L, Чёрный",5 990 ₸
"Коврик для мышки Glorious Element Ice, Чёрный",17 990 ₸
Внешний накопитель HDD 2.5 TRANSCEND 1TB TS1TSJ25H3B,45 890 ₸
"Накопитель TRANSCEND 32GB 3.0, белый",4 690 ₸
Мышка LOGITECH USB M 171 wireless Rose,7 490 ₸
Мышка LOGITECH USB M 171 wireless White,7 490 ₸
Клавиатура BLOODY B135N,9 990 ₸
Клавиатура BLOODY S98-RED,31 990 ₸
Коврик для мышки BLOODY BP45 Naraka,4 490 ₸
"Мышка игровая BLOODY W60-Max, Black",14 190 ₸
Мышка игровая BLOODY W95-Max (Naraka),14 990 ₸
"Клавиатура LOGITECH G PRO X TKL, black",143 490 ₸
Игровая гарнитура LOGITECH G435 (White),52 990 ₸
Игровая гарнитура LOGITECH ZONE Vibe 100 Bluetooth Headset - WHITE,70 990 ₸
"Коврик для мышки X Game DOTA 2, чёрный, 260 x 210 x 2mm",990 ₸
Компьютерная сумка LENOVO 15.6 Casual Toploader T210 green,5 890 ₸
Внешний накопитель HDD 2.5 TRANSCEND M3 1 TB (TS1TSJ25M3G),46 290 ₸
Мышка LOGITECH Lift Bluetooth Vertical Ergonomic Mouse - GRAPHITE/BLACK,42 990 ₸
Мышка LOGITECH Lift Bluetooth Vertical Ergonomic Mouse - OFF-WHITE/PALE GREY,42 990 ₸
Мышка LOGITECH Lift Bluetooth Vertical Ergonomic Mouse - ROSE/DARK ROSE,42 990 ₸
Мышка LOGITECH M350S Pebble 2 Bluetooth Mouse - TONAL WHITE - DONGLELESS,13 990 ₸
Мышка LOGITECH M350S Pebble 2 Bluetooth Mouse - TONAL ROSE - DONGLELESS,13 990 ₸
Мышка LOGITECH M350S Pebble 2 Bluetooth Mouse - TONAL GRAPHITE - DONGLELESS,13 990 ₸
Внешний накопитель SSD TRANSCEND 1TB TS1TESD380C,73 690 ₸
Игровая гарнитура SONY INZONE H9 Wireless Black,179 990 ₸
Игровая гарнитура SONY INZONE Buds WF-G700N/WZE TWS (White),129 990 ₸
Игровая гарнитура SONY INZONE H5 Wireless WH-G500/BZE (Black),94 990 ₸
Игровая гарнитура SONY INZONE H5 Wireless WH-G500/WZE (White),94 990 ₸
Стабилизатор SVC FL-600,14 990 ₸
"Колонки MICROLAB B55(13), Чёрный",6 490 ₸
"Коврик для мышки RAZER Atlas, белый",56 990 ₸
"Мышка CANYON MW-18, Аквамарин",9 990 ₸
"Мышка CANYON MW-7, чёрный",3 590 ₸
Коврик для мышки RED SQUARE Azure Red M (RSQ-40048),2 990 ₸
Коврик для мышки RED SQUARE AKARI XXL (RSQ-40043),7 790 ₸
Адаптер питания для ноутбуков APPLE 96W USB-C Power Adapter (MX0J2ZM/A),61 990 ₸
Клавиатура APPLE Magic Keyboard with Touch ID and Numeric Keypad for Mac (MK2C3RS/A),119 790 ₸
Мышка игровая LOGITECH G305 Gaming Optical USB mint,34 990 ₸
Мышка LOGITECH M221 - CHARCOAL,10 990 ₸
"Клавиатура LOGITECH G PRO X 60 LIGHTSPEED Wireless, white",125 490 ₸
WEB камера LOGITECH MX Brio 4K Ultra HD Webcam - GRAPHITE,111 490 ₸
Клавиатура RED SQUARE KEYROX TKL Fireworks (RSQ-20037),32 490 ₸
Клавиатура BLOODY AT87 Renegade Black Midnight,36 390 ₸
Клавиатура BLOODY AT98 Renegade Black Midnight,37 390 ₸
Адаптер питания для ноутбуков APPLE 30W USB-C Power Adapter Model A2164 (MW2G3ZM/A),30 990 ₸
"Компьютерная сумка MIRACLE 15,6 01 Black (рюкзак)",9 990 ₸
Коврик для мышки Varmilo Dreams on board R2 XL ZDB039-01,9 990 ₸
"Коврик для мышки LENOVO Gaming Control, серый",2 790 ₸
Клавиатура LOGITECH G515 LIGHTSPEED TKL - BLACK,74 990 ₸
Клавиатура LOGITECH G515 LIGHTSPEED TKL - WHITE,74 990 ₸
Коврик для мышки RED SQUARE Azure NOIR XXXL 1200x600х3 мм (RSQ-40047),11 890 ₸
Коврик для мышки RED SQUARE Noir XXL (RSQ-40051),7 990 ₸
"Мышка CANYON MW-44, жёлто-синий",6 990 ₸
Игровая гарнитура LOGITECH G333 Black,32 990 ₸
Гарнитура для ПК LOGITECH Zone 300 MIDNIGHT BLACK BT,52 990 ₸
Гарнитура для ПК LOGITECH Zone 300 ROSE BT,52 990 ₸
Гарнитура для ПК LOGITECH Zone Sophia,52 990 ₸
"Колонки Edifier R12U, белый",9 990 ₸
"Колонки Edifier R19BT, черный",18 290 ₸
"Колонки Edifier M1360, черный",26 390 ₸
"Клавиатура LOGITECH G915 LIGHTSPEED Wireless, carbon",139 990 ₸
Стабилизатор SVC FL-5000,35 590 ₸
Стабилизатор SVC WL-500,12 590 ₸
Стабилизатор SVC WL-2000,19 590 ₸
Стабилизатор SVC WL-5000,35 990 ₸
Клавиатура LOGITECH G915 X LIGHTSPEED Wireless Gaming Keyboard - WHITE,111 490 ₸
Клавиатура LOGITECH G915 X LIGHTSPEED TKL Wireless Gaming Keyboard - BLACK,106 490 ₸
Коврик для мышки LORGAR Main 323,4 190 ₸
Коврик для мышки LORGAR Main 313,4 190 ₸
Коврик для мышки LORGAR Main 135,5 990 ₸
Коврик для мышки LORGAR Legacer 755,8 990 ₸
Мышка игровая LORGAR Stricter 579,16 990 ₸
Мышка игровая LORGAR Jetter 357,10 490 ₸
Внешний накопитель SSD KINGSTON SXS1000R/1000G красный,42 990 ₸
Рюкзак для ноутбука MECHTA Mechta M24,11 990 ₸
"Рюкзак для ноутбука QAZAQ TOURISTER QT-003, 15.6""",10 990 ₸
Клавиатура LENOVO Legion K310 RGB,17 590 ₸
Мышка игровая LENOVO M210,4 590 ₸
"Мышка LENOVO 300 Wireless compact, морозно синий",4 090 ₸
Игровая гарнитура DARK PROJECT Headset HS4 Wireless (DP-HS-5004),44 990 ₸
"Клавиатура DARK PROJECT DPP 87 Ink, Чёрный/Белый",59 990 ₸
"Клавиатура DARK PROJECT One 87 Fuji, Белая",29 990 ₸
"Коврик для мышки BLIZZARD Diablo IV Heroes XL, 900x420x4 мм",14 990 ₸
Коврик для мышки BLOODY BP-30M,3 590 ₸
Коврик для мышки BLOODY BP30L 750 x 300 x 3 mm,4 490 ₸
"Мышка игровая BLOODY V8M Max, Black",12 990 ₸
Мышка игровая BLOODY W60-Max Red,16 190 ₸
Мышка игровая BLOODY W60-Max-Panda White,16 990 ₸
Мышка игровая BLOODY R36 Ultra,18 990 ₸
WEB камера LOGITECH Brio 300 Full HD - GRAPHITE - USB,47 990 ₸
WEB камера LOGITECH Brio 300 Full HD - OFF-WHITE - USB,47 990 ₸
WEB камера LOGITECH Brio 300 Full HD - ROSE - USB,47 990 ₸
Колонки LOGITECH Z150 - SNOW WHITE,15 990 ₸
Колонки LOGITECH S150 - BLACK,13 990 ₸
